{
    "utterances": [
        {
            "text": "\"Ligar luz da sala\"",
            "entities": [
                {
                    "entity": "device:device",
                    "start": 7,
                    "end": 10,
                    "body": "luz",
                    "entities": []
                },
                {
                    "entity": "wit$location:location",
                    "start": 14,
                    "end": 19,
                    "body": "sala\"",
                    "entities": []
                }
            ],
            "traits": [
                {
                    "trait": "wit$on_off",
                    "value": "on"
                }
            ],
            "intent": "action"
        },
        {
            "text": "\"ligar a TV da sala\"",
            "entities": [
                {
                    "entity": "device:device",
                    "start": 9,
                    "end": 11,
                    "body": "TV",
                    "entities": []
                },
                {
                    "entity": "wit$location:location",
                    "start": 15,
                    "end": 20,
                    "body": "sala\"",
                    "entities": []
                }
            ],
            "traits": [
                {
                    "trait": "wit$on_off",
                    "value": "on"
                }
            ],
            "intent": "action"
        },
        {
            "text": "Abrir cortinas",
            "entities": [
                {
                    "entity": "device:device",
                    "start": 6,
                    "end": 13,
                    "body": "cortina",
                    "entities": []
                }
            ],
            "traits": [
                {
                    "trait": "wit$on_off",
                    "value": "on"
                }
            ],
            "intent": "action"
        },
        {
            "text": "Desligar luz da garagem",
            "entities": [
                {
                    "entity": "device:device",
                    "start": 9,
                    "end": 12,
                    "body": "luz",
                    "entities": []
                },
                {
                    "entity": "wit$location:location",
                    "start": 16,
                    "end": 23,
                    "body": "garagem",
                    "entities": []
                }
            ],
            "traits": [
                {
                    "trait": "wit$on_off",
                    "value": "off"
                }
            ],
            "intent": "action"
        },
        {
            "text": "Desligar luz da sala",
            "entities": [
                {
                    "entity": "device:device",
                    "start": 9,
                    "end": 12,
                    "body": "luz",
                    "entities": []
                },
                {
                    "entity": "wit$location:location",
                    "start": 16,
                    "end": 20,
                    "body": "sala",
                    "entities": []
                }
            ],
            "traits": [
                {
                    "trait": "wit$on_off",
                    "value": "off"
                }
            ],
            "intent": "action"
        },
        {
            "text": "Est\u00e1 escuro aqui hoje",
            "entities": [
                {
                    "entity": "wit$message_body:message_body",
                    "start": 5,
                    "end": 11,
                    "body": "escuro",
                    "entities": []
                },
                {
                    "entity": "wit$location:location",
                    "start": 12,
                    "end": 16,
                    "body": "aqui",
                    "entities": []
                },
                {
                    "entity": "wit$datetime:datetime",
                    "start": 17,
                    "end": 21,
                    "body": "hoje",
                    "entities": []
                }
            ],
            "traits": [],
            "intent": "check_lights"
        },
        {
            "text": "Est\u00e1 muito claro",
            "entities": [],
            "traits": [],
            "intent": "check_lights"
        },
        {
            "text": "Est\u00e1 muito claro aqui",
            "entities": [
                {
                    "entity": "wit$message_body:message_body",
                    "start": 5,
                    "end": 16,
                    "body": "muito claro",
                    "entities": []
                },
                {
                    "entity": "wit$location:location",
                    "start": 17,
                    "end": 21,
                    "body": "aqui",
                    "entities": []
                }
            ],
            "traits": [
                {
                    "trait": "wit$on_off",
                    "value": "off"
                }
            ],
            "intent": "check_lights"
        },
        {
            "text": "Est\u00e1 muito escuro",
            "entities": [],
            "traits": [],
            "intent": "check_lights"
        },
        {
            "text": "Est\u00e1 muito frio hoje",
            "entities": [],
            "traits": [],
            "intent": "check_temperature"
        },
        {
            "text": "Est\u00e1 muito quente hoje",
            "entities": [],
            "traits": [],
            "intent": "check_temperature"
        },
        {
            "text": "Est\u00e1 um pouco escuro aqui",
            "entities": [
                {
                    "entity": "wit$location:location",
                    "start": 21,
                    "end": 25,
                    "body": "aqui",
                    "entities": []
                },
                {
                    "entity": "wit$message_body:message_body",
                    "start": 8,
                    "end": 20,
                    "body": "pouco escuro",
                    "entities": []
                }
            ],
            "traits": [
                {
                    "trait": "wit$on_off",
                    "value": "on"
                }
            ],
            "intent": "check_lights"
        },
        {
            "text": "Ligar ar-condicionado 24 graus Celsius",
            "entities": [
                {
                    "entity": "device:device",
                    "start": 6,
                    "end": 21,
                    "body": "ar-condicionado",
                    "entities": []
                },
                {
                    "entity": "wit$temperature:temperature",
                    "start": 22,
                    "end": 38,
                    "body": "24 graus Celsius",
                    "entities": []
                }
            ],
            "traits": [
                {
                    "trait": "wit$on_off",
                    "value": "on"
                }
            ],
            "intent": "action"
        },
        {
            "text": "Ligar ar-condicionado 24\u00b0 Celsius",
            "entities": [
                {
                    "entity": "device:device",
                    "start": 6,
                    "end": 21,
                    "body": "ar-condicionado",
                    "entities": []
                },
                {
                    "entity": "wit$temperature:temperature",
                    "start": 22,
                    "end": 33,
                    "body": "24\u00b0 Celsius",
                    "entities": []
                }
            ],
            "traits": [
                {
                    "trait": "wit$on_off",
                    "value": "on"
                }
            ],
            "intent": "action"
        },
        {
            "text": "Ligar cortinas",
            "entities": [
                {
                    "entity": "device:device",
                    "start": 6,
                    "end": 13,
                    "body": "cortina",
                    "entities": []
                }
            ],
            "traits": [
                {
                    "trait": "wit$on_off",
                    "value": "on"
                }
            ],
            "intent": "action"
        },
        {
            "text": "Ligar luz 1 Luz 2 e Luz 3",
            "entities": [
                {
                    "entity": "device:device",
                    "start": 20,
                    "end": 25,
                    "body": "Luz 3",
                    "entities": []
                }
            ],
            "traits": [
                {
                    "trait": "wit$on_off",
                    "value": "on"
                },
                {
                    "trait": "group",
                    "value": "lampada"
                }
            ],
            "intent": "action"
        },
        {
            "text": "Ligar luz 1 Luz 2 e lustres",
            "entities": [
                {
                    "entity": "device:device",
                    "start": 6,
                    "end": 11,
                    "body": "luz 1",
                    "entities": []
                },
                {
                    "entity": "device:device",
                    "start": 12,
                    "end": 17,
                    "body": "Luz 2",
                    "entities": []
                },
                {
                    "entity": "device:device",
                    "start": 20,
                    "end": 27,
                    "body": "lustres",
                    "entities": []
                }
            ],
            "traits": [
                {
                    "trait": "group",
                    "value": "lampada"
                },
                {
                    "trait": "wit$on_off",
                    "value": "on"
                }
            ],
            "intent": "action"
        },
        {
            "text": "Ligar luz da garagem",
            "entities": [
                {
                    "entity": "device:device",
                    "start": 6,
                    "end": 9,
                    "body": "luz",
                    "entities": []
                },
                {
                    "entity": "wit$location:location",
                    "start": 13,
                    "end": 20,
                    "body": "garagem",
                    "entities": []
                }
            ],
            "traits": [
                {
                    "trait": "wit$on_off",
                    "value": "on"
                }
            ],
            "intent": "action"
        },
        {
            "text": "Ligar luz da sala",
            "entities": [
                {
                    "entity": "device:device",
                    "start": 6,
                    "end": 9,
                    "body": "luz",
                    "entities": []
                },
                {
                    "entity": "wit$location:location",
                    "start": 13,
                    "end": 17,
                    "body": "sala",
                    "entities": []
                }
            ],
            "traits": [
                {
                    "trait": "wit$on_off",
                    "value": "on"
                }
            ],
            "intent": "action"
        },
        {
            "text": "Ligar luz do quarto",
            "entities": [
                {
                    "entity": "device:device",
                    "start": 6,
                    "end": 9,
                    "body": "luz",
                    "entities": []
                },
                {
                    "entity": "wit$location:location",
                    "start": 13,
                    "end": 19,
                    "body": "quarto",
                    "entities": []
                }
            ],
            "traits": [
                {
                    "trait": "wit$on_off",
                    "value": "on"
                }
            ],
            "intent": "action"
        },
        {
            "text": "Ligar luz dois",
            "entities": [
                {
                    "entity": "device:device",
                    "start": 6,
                    "end": 14,
                    "body": "luz dois",
                    "entities": []
                }
            ],
            "traits": [
                {
                    "trait": "wit$on_off",
                    "value": "on"
                }
            ],
            "intent": "action"
        },
        {
            "text": "Ligar luz na sala",
            "entities": [
                {
                    "entity": "device:device",
                    "start": 6,
                    "end": 9,
                    "body": "luz",
                    "entities": []
                },
                {
                    "entity": "wit$location:location",
                    "start": 13,
                    "end": 17,
                    "body": "sala",
                    "entities": []
                }
            ],
            "traits": [
                {
                    "trait": "wit$on_off",
                    "value": "on"
                }
            ],
            "intent": "action"
        },
        {
            "text": "Ligar luz tr\u00eas luz uma e Luz 5",
            "entities": [
                {
                    "entity": "device:device",
                    "start": 15,
                    "end": 21,
                    "body": "luz um",
                    "entities": []
                },
                {
                    "entity": "device:device",
                    "start": 25,
                    "end": 30,
                    "body": "Luz 5",
                    "entities": []
                },
                {
                    "entity": "device:device",
                    "start": 6,
                    "end": 14,
                    "body": "luz tr\u00eas",
                    "entities": []
                }
            ],
            "traits": [
                {
                    "trait": "group",
                    "value": "lampada"
                },
                {
                    "trait": "wit$on_off",
                    "value": "on"
                }
            ],
            "intent": "action"
        },
        {
            "text": "Ligar luz um Luz 2 e Luz 3",
            "entities": [
                {
                    "entity": "device:device",
                    "start": 6,
                    "end": 12,
                    "body": "luz um",
                    "entities": []
                },
                {
                    "entity": "device:device",
                    "start": 13,
                    "end": 18,
                    "body": "Luz 2",
                    "entities": []
                },
                {
                    "entity": "device:device",
                    "start": 21,
                    "end": 26,
                    "body": "Luz 3",
                    "entities": []
                }
            ],
            "traits": [
                {
                    "trait": "group",
                    "value": "lampada"
                },
                {
                    "trait": "wit$on_off",
                    "value": "on"
                }
            ],
            "intent": "action"
        },
        {
            "text": "Ligar l\u00e2mpada 1 Ligar l\u00e2mpada 2 Ligar l\u00e2mpada",
            "entities": [
                {
                    "entity": "device:device",
                    "start": 6,
                    "end": 15,
                    "body": "l\u00e2mpada 1",
                    "entities": []
                },
                {
                    "entity": "device:device",
                    "start": 22,
                    "end": 31,
                    "body": "l\u00e2mpada 2",
                    "entities": []
                },
                {
                    "entity": "device:device",
                    "start": 38,
                    "end": 45,
                    "body": "l\u00e2mpada",
                    "entities": []
                }
            ],
            "traits": [
                {
                    "trait": "wit$on_off",
                    "value": "on"
                }
            ],
            "intent": "action"
        },
        {
            "text": "Ligar l\u00e2mpada 1 Ligar l\u00e2mpada 2 ligar ligar l\u00e2mpada",
            "entities": [
                {
                    "entity": "device:device",
                    "start": 6,
                    "end": 15,
                    "body": "l\u00e2mpada 1",
                    "entities": []
                },
                {
                    "entity": "device:device",
                    "start": 22,
                    "end": 31,
                    "body": "l\u00e2mpada 2",
                    "entities": []
                },
                {
                    "entity": "device:device",
                    "start": 44,
                    "end": 51,
                    "body": "l\u00e2mpada",
                    "entities": []
                }
            ],
            "traits": [
                {
                    "trait": "wit$on_off",
                    "value": "on"
                },
                {
                    "trait": "group",
                    "value": "lampada"
                }
            ],
            "intent": "action"
        },
        {
            "text": "Ligar l\u00e2mpada 1 Luz 2 e Luz 5",
            "entities": [
                {
                    "entity": "device:device",
                    "start": 24,
                    "end": 29,
                    "body": "Luz 5",
                    "entities": []
                }
            ],
            "traits": [
                {
                    "trait": "wit$on_off",
                    "value": "on"
                },
                {
                    "trait": "group",
                    "value": "lampada"
                }
            ],
            "intent": "action"
        },
        {
            "text": "Ligar l\u00e2mpada 1 e l\u00e2mpada 2",
            "entities": [
                {
                    "entity": "device:device",
                    "start": 6,
                    "end": 15,
                    "body": "l\u00e2mpada 1",
                    "entities": []
                },
                {
                    "entity": "device:device",
                    "start": 18,
                    "end": 27,
                    "body": "l\u00e2mpada 2",
                    "entities": []
                }
            ],
            "traits": [
                {
                    "trait": "wit$on_off",
                    "value": "on"
                },
                {
                    "trait": "group",
                    "value": "lampada"
                }
            ],
            "intent": "action"
        },
        {
            "text": "Ligar l\u00e2mpada 1 l\u00e2mpada 2 e l\u00e2mpada 3",
            "entities": [
                {
                    "entity": "device:device",
                    "start": 6,
                    "end": 15,
                    "body": "l\u00e2mpada 1",
                    "entities": []
                },
                {
                    "entity": "device:device",
                    "start": 16,
                    "end": 25,
                    "body": "l\u00e2mpada 2",
                    "entities": []
                },
                {
                    "entity": "device:device",
                    "start": 28,
                    "end": 37,
                    "body": "l\u00e2mpada 3",
                    "entities": []
                }
            ],
            "traits": [
                {
                    "trait": "wit$on_off",
                    "value": "on"
                },
                {
                    "trait": "group",
                    "value": "lampada"
                }
            ],
            "intent": "action"
        },
        {
            "text": "Ligar l\u00e2mpada 1 l\u00e2mpada 2 e l\u00e2mpada 5",
            "entities": [
                {
                    "entity": "device:device",
                    "start": 6,
                    "end": 15,
                    "body": "l\u00e2mpada 1",
                    "entities": []
                },
                {
                    "entity": "device:device",
                    "start": 16,
                    "end": 25,
                    "body": "l\u00e2mpada 2",
                    "entities": []
                },
                {
                    "entity": "device:device",
                    "start": 28,
                    "end": 37,
                    "body": "l\u00e2mpada 5",
                    "entities": []
                }
            ],
            "traits": [
                {
                    "trait": "wit$on_off",
                    "value": "on"
                }
            ],
            "intent": "action"
        },
        {
            "text": "Ligar l\u00e2mpada 1 l\u00e2mpada 2 e l\u00e2mpada 6",
            "entities": [],
            "traits": [
                {
                    "trait": "wit$on_off",
                    "value": "on"
                }
            ],
            "intent": "action"
        },
        {
            "text": "Ligar l\u00e2mpada 1 l\u00e2mpada 2 l\u00e2mpada 3",
            "entities": [
                {
                    "entity": "device:device",
                    "start": 6,
                    "end": 15,
                    "body": "l\u00e2mpada 1",
                    "entities": []
                },
                {
                    "entity": "device:device",
                    "start": 16,
                    "end": 25,
                    "body": "l\u00e2mpada 2",
                    "entities": []
                },
                {
                    "entity": "device:device",
                    "start": 26,
                    "end": 35,
                    "body": "l\u00e2mpada 3",
                    "entities": []
                }
            ],
            "traits": [
                {
                    "trait": "group",
                    "value": "lampada"
                },
                {
                    "trait": "wit$on_off",
                    "value": "on"
                }
            ],
            "intent": "action"
        },
        {
            "text": "Ligar l\u00e2mpada 1 l\u00e2mpada 2 l\u00e2mpada 4",
            "entities": [
                {
                    "entity": "device:device",
                    "start": 6,
                    "end": 15,
                    "body": "l\u00e2mpada 1",
                    "entities": []
                },
                {
                    "entity": "device:device",
                    "start": 16,
                    "end": 25,
                    "body": "l\u00e2mpada 2",
                    "entities": []
                },
                {
                    "entity": "device:device",
                    "start": 26,
                    "end": 35,
                    "body": "l\u00e2mpada 4",
                    "entities": []
                }
            ],
            "traits": [
                {
                    "trait": "group",
                    "value": "lampada"
                },
                {
                    "trait": "wit$on_off",
                    "value": "on"
                }
            ],
            "intent": "action"
        },
        {
            "text": "Ligar l\u00e2mpada 1 l\u00e2mpada 2 l\u00e2mpada 6",
            "entities": [
                {
                    "entity": "device:device",
                    "start": 6,
                    "end": 15,
                    "body": "l\u00e2mpada 1",
                    "entities": []
                },
                {
                    "entity": "device:device",
                    "start": 16,
                    "end": 25,
                    "body": "l\u00e2mpada 2",
                    "entities": []
                },
                {
                    "entity": "device:device",
                    "start": 26,
                    "end": 35,
                    "body": "l\u00e2mpada 6",
                    "entities": []
                }
            ],
            "traits": [
                {
                    "trait": "group",
                    "value": "lampada"
                },
                {
                    "trait": "wit$on_off",
                    "value": "on"
                }
            ],
            "intent": "action"
        },
        {
            "text": "Ligar l\u00e2mpada 1 l\u00e2mpada 2 l\u00e2mpadas 3",
            "entities": [
                {
                    "entity": "device:device",
                    "start": 6,
                    "end": 15,
                    "body": "l\u00e2mpada 1",
                    "entities": []
                },
                {
                    "entity": "device:device",
                    "start": 16,
                    "end": 25,
                    "body": "l\u00e2mpada 2",
                    "entities": []
                },
                {
                    "entity": "device:device",
                    "start": 26,
                    "end": 36,
                    "body": "l\u00e2mpadas 3",
                    "entities": []
                }
            ],
            "traits": [
                {
                    "trait": "group",
                    "value": "lampada"
                },
                {
                    "trait": "wit$on_off",
                    "value": "on"
                }
            ],
            "intent": "action"
        },
        {
            "text": "Ligar l\u00e2mpada 1 l\u00e2mpada 2 l\u00e2mpadas 6",
            "entities": [
                {
                    "entity": "device:device",
                    "start": 6,
                    "end": 15,
                    "body": "l\u00e2mpada 1",
                    "entities": []
                },
                {
                    "entity": "device:device",
                    "start": 16,
                    "end": 25,
                    "body": "l\u00e2mpada 2",
                    "entities": []
                },
                {
                    "entity": "device:device",
                    "start": 26,
                    "end": 36,
                    "body": "l\u00e2mpadas 6",
                    "entities": []
                }
            ],
            "traits": [
                {
                    "trait": "group",
                    "value": "lampada"
                },
                {
                    "trait": "wit$on_off",
                    "value": "on"
                }
            ],
            "intent": "action"
        },
        {
            "text": "Ligar l\u00e2mpada 1 l\u00e2mpada 3 e l\u00e2mpada 6",
            "entities": [
                {
                    "entity": "device:device",
                    "start": 6,
                    "end": 15,
                    "body": "l\u00e2mpada 1",
                    "entities": []
                },
                {
                    "entity": "device:device",
                    "start": 16,
                    "end": 25,
                    "body": "l\u00e2mpada 3",
                    "entities": []
                },
                {
                    "entity": "device:device",
                    "start": 28,
                    "end": 37,
                    "body": "l\u00e2mpada 6",
                    "entities": []
                }
            ],
            "traits": [
                {
                    "trait": "group",
                    "value": "lampada"
                },
                {
                    "trait": "wit$on_off",
                    "value": "on"
                }
            ],
            "intent": "action"
        },
        {
            "text": "Ligar l\u00e2mpada 1 l\u00e2mpada 3 l\u00e2mpadas 5",
            "entities": [],
            "traits": [
                {
                    "trait": "wit$on_off",
                    "value": "on"
                },
                {
                    "trait": "group",
                    "value": "lampada"
                }
            ],
            "intent": "action"
        },
        {
            "text": "Ligar l\u00e2mpada 1 l\u00e2mpada dois e l\u00e2mpada 3",
            "entities": [
                {
                    "entity": "device:device",
                    "start": 6,
                    "end": 15,
                    "body": "l\u00e2mpada 1",
                    "entities": []
                },
                {
                    "entity": "device:device",
                    "start": 16,
                    "end": 28,
                    "body": "l\u00e2mpada dois",
                    "entities": []
                },
                {
                    "entity": "device:device",
                    "start": 31,
                    "end": 40,
                    "body": "l\u00e2mpada 3",
                    "entities": []
                }
            ],
            "traits": [
                {
                    "trait": "group",
                    "value": "lampada"
                },
                {
                    "trait": "wit$on_off",
                    "value": "on"
                }
            ],
            "intent": "action"
        },
        {
            "text": "Ligar l\u00e2mpada 2",
            "entities": [
                {
                    "entity": "device:device",
                    "start": 6,
                    "end": 15,
                    "body": "l\u00e2mpada 2",
                    "entities": []
                }
            ],
            "traits": [
                {
                    "trait": "wit$on_off",
                    "value": "on"
                }
            ],
            "intent": "action"
        },
        {
            "text": "Ligar l\u00e2mpada 2 l\u00e2mpada 4 e l\u00e2mpada 6",
            "entities": [
                {
                    "entity": "device:device",
                    "start": 6,
                    "end": 15,
                    "body": "l\u00e2mpada 2",
                    "entities": []
                },
                {
                    "entity": "device:device",
                    "start": 16,
                    "end": 25,
                    "body": "l\u00e2mpada 4",
                    "entities": []
                },
                {
                    "entity": "device:device",
                    "start": 28,
                    "end": 37,
                    "body": "l\u00e2mpada 6",
                    "entities": []
                }
            ],
            "traits": [
                {
                    "trait": "wit$on_off",
                    "value": "on"
                },
                {
                    "trait": "group",
                    "value": "lampada"
                }
            ],
            "intent": "action"
        },
        {
            "text": "Ligar l\u00e2mpada 3 l\u00e2mpada 6 e l\u00e2mpada 1",
            "entities": [
                {
                    "entity": "device:device",
                    "start": 6,
                    "end": 15,
                    "body": "l\u00e2mpada 3",
                    "entities": []
                },
                {
                    "entity": "device:device",
                    "start": 16,
                    "end": 25,
                    "body": "l\u00e2mpada 6",
                    "entities": []
                },
                {
                    "entity": "device:device",
                    "start": 28,
                    "end": 37,
                    "body": "l\u00e2mpada 1",
                    "entities": []
                }
            ],
            "traits": [
                {
                    "trait": "group",
                    "value": "lampada"
                },
                {
                    "trait": "wit$on_off",
                    "value": "on"
                }
            ],
            "intent": "action"
        },
        {
            "text": "Ligar l\u00e2mpada 6 l\u00e2mpada 3 e l\u00e2mpada",
            "entities": [
                {
                    "entity": "device:device",
                    "start": 6,
                    "end": 15,
                    "body": "l\u00e2mpada 6",
                    "entities": []
                },
                {
                    "entity": "device:device",
                    "start": 16,
                    "end": 25,
                    "body": "l\u00e2mpada 3",
                    "entities": []
                },
                {
                    "entity": "device:device",
                    "start": 28,
                    "end": 35,
                    "body": "l\u00e2mpada",
                    "entities": []
                }
            ],
            "traits": [
                {
                    "trait": "group",
                    "value": "lampada"
                },
                {
                    "trait": "wit$on_off",
                    "value": "on"
                }
            ],
            "intent": "action"
        },
        {
            "text": "Ligar l\u00e2mpada 6 l\u00e2mpada 3 e l\u00e2mpada 2",
            "entities": [
                {
                    "entity": "device:device",
                    "start": 6,
                    "end": 15,
                    "body": "l\u00e2mpada 6",
                    "entities": []
                },
                {
                    "entity": "device:device",
                    "start": 16,
                    "end": 25,
                    "body": "l\u00e2mpada 3",
                    "entities": []
                },
                {
                    "entity": "device:device",
                    "start": 28,
                    "end": 37,
                    "body": "l\u00e2mpada 2",
                    "entities": []
                }
            ],
            "traits": [
                {
                    "trait": "wit$on_off",
                    "value": "on"
                },
                {
                    "trait": "group",
                    "value": "lampada"
                }
            ],
            "intent": "action"
        },
        {
            "text": "Nateli",
            "entities": [],
            "traits": [],
            "intent": "chat"
        },
        {
            "text": "Ol\u00e1 tudo bem",
            "entities": [],
            "traits": [
                {
                    "trait": "greetings",
                    "value": "salutation"
                }
            ],
            "intent": "chat"
        },
        {
            "text": "Ol\u00e1, tudo bem?",
            "entities": [],
            "traits": [
                {
                    "trait": "greetings",
                    "value": "salutation"
                }
            ],
            "intent": "chat"
        },
        {
            "text": "Tchau",
            "entities": [],
            "traits": [
                {
                    "trait": "bye",
                    "value": "true"
                }
            ],
            "intent": "chat"
        },
        {
            "text": "abrir 10 porcento da cortina",
            "entities": [
                {
                    "entity": "device:device",
                    "start": 21,
                    "end": 28,
                    "body": "cortina",
                    "entities": []
                },
                {
                    "entity": "wit$quantity:quantity",
                    "start": 6,
                    "end": 8,
                    "body": "10",
                    "entities": []
                }
            ],
            "traits": [
                {
                    "trait": "wit$on_off",
                    "value": "on"
                }
            ],
            "intent": "action"
        },
        {
            "text": "abrir 20 porcento da cortina",
            "entities": [
                {
                    "entity": "device:device",
                    "start": 21,
                    "end": 28,
                    "body": "cortina",
                    "entities": []
                },
                {
                    "entity": "wit$quantity:quantity",
                    "start": 6,
                    "end": 8,
                    "body": "20",
                    "entities": []
                }
            ],
            "traits": [
                {
                    "trait": "wit$on_off",
                    "value": "on"
                }
            ],
            "intent": "action"
        },
        {
            "text": "abrir 50% da cortina",
            "entities": [
                {
                    "entity": "device:device",
                    "start": 13,
                    "end": 20,
                    "body": "cortina",
                    "entities": []
                },
                {
                    "entity": "wit$quantity:quantity",
                    "start": 6,
                    "end": 8,
                    "body": "50",
                    "entities": []
                }
            ],
            "traits": [
                {
                    "trait": "wit$on_off",
                    "value": "on"
                }
            ],
            "intent": "action"
        },
        {
            "text": "abrir 80 porcento da cortina",
            "entities": [
                {
                    "entity": "device:device",
                    "start": 21,
                    "end": 28,
                    "body": "cortina",
                    "entities": []
                },
                {
                    "entity": "wit$quantity:quantity",
                    "start": 6,
                    "end": 8,
                    "body": "80",
                    "entities": []
                }
            ],
            "traits": [
                {
                    "trait": "wit$on_off",
                    "value": "on"
                }
            ],
            "intent": "action"
        },
        {
            "text": "abrir a cortina",
            "entities": [
                {
                    "entity": "device:device",
                    "start": 8,
                    "end": 15,
                    "body": "cortina",
                    "entities": []
                }
            ],
            "traits": [
                {
                    "trait": "wit$on_off",
                    "value": "on"
                }
            ],
            "intent": "action"
        },
        {
            "text": "acho que n\u00e3o",
            "entities": [],
            "traits": [
                {
                    "trait": "true_false",
                    "value": "false"
                },
                {
                    "trait": "wit$on_off",
                    "value": "off"
                }
            ],
            "intent": "answer"
        },
        {
            "text": "acho que sim",
            "entities": [],
            "traits": [
                {
                    "trait": "true_false",
                    "value": "true"
                },
                {
                    "trait": "wit$on_off",
                    "value": "on"
                }
            ],
            "intent": "answer"
        },
        {
            "text": "acionar camera da sala",
            "entities": [
                {
                    "entity": "wit$location:location",
                    "start": 18,
                    "end": 22,
                    "body": "sala",
                    "entities": []
                }
            ],
            "traits": [
                {
                    "trait": "wit$on_off",
                    "value": "on"
                }
            ],
            "intent": "action"
        },
        {
            "text": "ar condicionado a 23 graus",
            "entities": [
                {
                    "entity": "device:device",
                    "start": 0,
                    "end": 15,
                    "body": "ar condicionado",
                    "entities": []
                },
                {
                    "entity": "wit$temperature:temperature",
                    "start": 18,
                    "end": 26,
                    "body": "23 graus",
                    "entities": []
                }
            ],
            "traits": [
                {
                    "trait": "wit$on_off",
                    "value": "on"
                }
            ],
            "intent": "action"
        },
        {
            "text": "ar condicionado em 20 graus",
            "entities": [
                {
                    "entity": "wit$temperature:temperature",
                    "start": 19,
                    "end": 27,
                    "body": "20 graus",
                    "entities": []
                }
            ],
            "traits": [
                {
                    "trait": "wit$on_off",
                    "value": "on"
                }
            ],
            "intent": "action"
        },
        {
            "text": "claro que n\u00e3o",
            "entities": [],
            "traits": [
                {
                    "trait": "true_false",
                    "value": "false"
                }
            ],
            "intent": "answer"
        },
        {
            "text": "colocar o ar em 23 graus",
            "entities": [
                {
                    "entity": "wit$temperature:temperature",
                    "start": 16,
                    "end": 24,
                    "body": "23 graus",
                    "entities": []
                }
            ],
            "traits": [
                {
                    "trait": "wit$on_off",
                    "value": "on"
                }
            ],
            "intent": "action"
        },
        {
            "text": "deixar a cortina pela metade",
            "entities": [
                {
                    "entity": "device:device",
                    "start": 9,
                    "end": 16,
                    "body": "cortina",
                    "entities": []
                },
                {
                    "entity": "wit$message_body:message_body",
                    "start": 17,
                    "end": 28,
                    "body": "pela metade",
                    "entities": []
                }
            ],
            "traits": [
                {
                    "trait": "wit$on_off",
                    "value": "on"
                }
            ],
            "intent": "action"
        },
        {
            "text": "deixar cortina meio aberta",
            "entities": [
                {
                    "entity": "device:device",
                    "start": 7,
                    "end": 14,
                    "body": "cortina",
                    "entities": []
                },
                {
                    "entity": "wit$message_body:message_body",
                    "start": 15,
                    "end": 26,
                    "body": "meio aberta",
                    "entities": []
                }
            ],
            "traits": [
                {
                    "trait": "wit$on_off",
                    "value": "on"
                }
            ],
            "intent": "action"
        },
        {
            "text": "deixar cortinas pela metade",
            "entities": [
                {
                    "entity": "device:device",
                    "start": 7,
                    "end": 14,
                    "body": "cortina",
                    "entities": []
                },
                {
                    "entity": "wit$message_body:message_body",
                    "start": 16,
                    "end": 27,
                    "body": "pela metade",
                    "entities": []
                }
            ],
            "traits": [
                {
                    "trait": "wit$on_off",
                    "value": "on"
                }
            ],
            "intent": "action"
        },
        {
            "text": "desativar camera da sala",
            "entities": [
                {
                    "entity": "wit$location:location",
                    "start": 20,
                    "end": 24,
                    "body": "sala",
                    "entities": []
                }
            ],
            "traits": [
                {
                    "trait": "wit$on_off",
                    "value": "off"
                }
            ],
            "intent": "action"
        },
        {
            "text": "desligando ar condicionado",
            "entities": [
                {
                    "entity": "device:device",
                    "start": 11,
                    "end": 26,
                    "body": "ar condicionado",
                    "entities": []
                }
            ],
            "traits": [
                {
                    "trait": "wit$on_off",
                    "value": "off"
                }
            ],
            "intent": "action"
        },
        {
            "text": "desligar",
            "entities": [],
            "traits": [
                {
                    "trait": "wit$on_off",
                    "value": "off"
                }
            ],
            "intent": "action"
        },
        {
            "text": "desligar ar condicionado",
            "entities": [
                {
                    "entity": "device:device",
                    "start": 9,
                    "end": 24,
                    "body": "ar condicionado",
                    "entities": []
                }
            ],
            "traits": [
                {
                    "trait": "wit$on_off",
                    "value": "off"
                }
            ],
            "intent": "action"
        },
        {
            "text": "desligar lampada 1 e lampada 2",
            "entities": [
                {
                    "entity": "device:device",
                    "start": 9,
                    "end": 18,
                    "body": "lampada 1",
                    "entities": []
                },
                {
                    "entity": "device:device",
                    "start": 21,
                    "end": 30,
                    "body": "lampada 2",
                    "entities": []
                }
            ],
            "traits": [
                {
                    "trait": "wit$on_off",
                    "value": "off"
                },
                {
                    "trait": "group",
                    "value": "lampada"
                }
            ],
            "intent": "action"
        },
        {
            "text": "desligar lampada 1 lampada 3 e lampada 4",
            "entities": [
                {
                    "entity": "device:device",
                    "start": 9,
                    "end": 18,
                    "body": "lampada 1",
                    "entities": []
                },
                {
                    "entity": "device:device",
                    "start": 19,
                    "end": 28,
                    "body": "lampada 3",
                    "entities": []
                },
                {
                    "entity": "device:device",
                    "start": 31,
                    "end": 40,
                    "body": "lampada 4",
                    "entities": []
                }
            ],
            "traits": [
                {
                    "trait": "wit$on_off",
                    "value": "off"
                },
                {
                    "trait": "group",
                    "value": "lampada"
                }
            ],
            "intent": "action"
        },
        {
            "text": "desligar lampada 4 lampada 2 e lampada 1",
            "entities": [
                {
                    "entity": "device:device",
                    "start": 9,
                    "end": 18,
                    "body": "lampada 4",
                    "entities": []
                },
                {
                    "entity": "device:device",
                    "start": 19,
                    "end": 28,
                    "body": "lampada 2",
                    "entities": []
                },
                {
                    "entity": "device:device",
                    "start": 31,
                    "end": 40,
                    "body": "lampada 1",
                    "entities": []
                }
            ],
            "traits": [
                {
                    "trait": "group",
                    "value": "lampada"
                },
                {
                    "trait": "wit$on_off",
                    "value": "off"
                }
            ],
            "intent": "action"
        },
        {
            "text": "desligar lampada 6 e lampada 3",
            "entities": [
                {
                    "entity": "device:device",
                    "start": 9,
                    "end": 18,
                    "body": "lampada 6",
                    "entities": []
                },
                {
                    "entity": "device:device",
                    "start": 21,
                    "end": 30,
                    "body": "lampada 3",
                    "entities": []
                }
            ],
            "traits": [
                {
                    "trait": "group",
                    "value": "lampada"
                },
                {
                    "trait": "wit$on_off",
                    "value": "off"
                }
            ],
            "intent": "action"
        },
        {
            "text": "desligar lampada 6, lampada 5, lampada 4",
            "entities": [],
            "traits": [
                {
                    "trait": "wit$on_off",
                    "value": "off"
                }
            ],
            "intent": "action"
        },
        {
            "text": "desligar l\u00e2mpada 1 l\u00e2mpada 2 e l\u00e2mpada 3",
            "entities": [
                {
                    "entity": "device:device",
                    "start": 9,
                    "end": 18,
                    "body": "l\u00e2mpada 1",
                    "entities": []
                },
                {
                    "entity": "device:device",
                    "start": 19,
                    "end": 28,
                    "body": "l\u00e2mpada 2",
                    "entities": []
                },
                {
                    "entity": "device:device",
                    "start": 31,
                    "end": 40,
                    "body": "l\u00e2mpada 3",
                    "entities": []
                }
            ],
            "traits": [
                {
                    "trait": "wit$on_off",
                    "value": "off"
                },
                {
                    "trait": "group",
                    "value": "lampada"
                }
            ],
            "intent": "action"
        },
        {
            "text": "desligar l\u00e2mpada 1 l\u00e2mpada 2 e l\u00e2mpada 6",
            "entities": [
                {
                    "entity": "device:device",
                    "start": 9,
                    "end": 18,
                    "body": "l\u00e2mpada 1",
                    "entities": []
                },
                {
                    "entity": "device:device",
                    "start": 19,
                    "end": 28,
                    "body": "l\u00e2mpada 2",
                    "entities": []
                },
                {
                    "entity": "device:device",
                    "start": 31,
                    "end": 40,
                    "body": "l\u00e2mpada 6",
                    "entities": []
                }
            ],
            "traits": [
                {
                    "trait": "wit$on_off",
                    "value": "off"
                },
                {
                    "trait": "group",
                    "value": "lampada"
                }
            ],
            "intent": "action"
        },
        {
            "text": "desligar l\u00e2mpada 1 l\u00e2mpada 2 l\u00e2mpada 6",
            "entities": [
                {
                    "entity": "device:device",
                    "start": 9,
                    "end": 18,
                    "body": "l\u00e2mpada 1",
                    "entities": []
                },
                {
                    "entity": "device:device",
                    "start": 19,
                    "end": 28,
                    "body": "l\u00e2mpada 2",
                    "entities": []
                },
                {
                    "entity": "device:device",
                    "start": 29,
                    "end": 38,
                    "body": "l\u00e2mpada 6",
                    "entities": []
                }
            ],
            "traits": [
                {
                    "trait": "group",
                    "value": "lampada"
                },
                {
                    "trait": "wit$on_off",
                    "value": "off"
                }
            ],
            "intent": "action"
        },
        {
            "text": "desligar l\u00e2mpada 1 l\u00e2mpada 3 e l\u00e2mpada 6",
            "entities": [
                {
                    "entity": "device:device",
                    "start": 9,
                    "end": 18,
                    "body": "l\u00e2mpada 1",
                    "entities": []
                },
                {
                    "entity": "device:device",
                    "start": 19,
                    "end": 28,
                    "body": "l\u00e2mpada 3",
                    "entities": []
                },
                {
                    "entity": "device:device",
                    "start": 31,
                    "end": 40,
                    "body": "l\u00e2mpada 6",
                    "entities": []
                }
            ],
            "traits": [
                {
                    "trait": "group",
                    "value": "lampada"
                },
                {
                    "trait": "wit$on_off",
                    "value": "off"
                }
            ],
            "intent": "action"
        },
        {
            "text": "desligar l\u00e2mpada 1 l\u00e2mpada 6 e l\u00e2mpada 3",
            "entities": [
                {
                    "entity": "device:device",
                    "start": 9,
                    "end": 18,
                    "body": "l\u00e2mpada 1",
                    "entities": []
                },
                {
                    "entity": "device:device",
                    "start": 19,
                    "end": 28,
                    "body": "l\u00e2mpada 6",
                    "entities": []
                },
                {
                    "entity": "device:device",
                    "start": 31,
                    "end": 40,
                    "body": "l\u00e2mpada 3",
                    "entities": []
                }
            ],
            "traits": [
                {
                    "trait": "group",
                    "value": "lampada"
                },
                {
                    "trait": "wit$on_off",
                    "value": "off"
                }
            ],
            "intent": "action"
        },
        {
            "text": "desligar l\u00e2mpada 2 l\u00e2mpada 1 l\u00e2mpada 4",
            "entities": [
                {
                    "entity": "device:device",
                    "start": 9,
                    "end": 18,
                    "body": "l\u00e2mpada 2",
                    "entities": []
                },
                {
                    "entity": "device:device",
                    "start": 19,
                    "end": 28,
                    "body": "l\u00e2mpada 1",
                    "entities": []
                },
                {
                    "entity": "device:device",
                    "start": 29,
                    "end": 38,
                    "body": "l\u00e2mpada 4",
                    "entities": []
                }
            ],
            "traits": [
                {
                    "trait": "group",
                    "value": "lampada"
                },
                {
                    "trait": "wit$on_off",
                    "value": "off"
                }
            ],
            "intent": "action"
        },
        {
            "text": "desligar l\u00e2mpada 2 l\u00e2mpada 3 l\u00e2mpada 4",
            "entities": [
                {
                    "entity": "device:device",
                    "start": 9,
                    "end": 18,
                    "body": "l\u00e2mpada 2",
                    "entities": []
                },
                {
                    "entity": "device:device",
                    "start": 19,
                    "end": 28,
                    "body": "l\u00e2mpada 3",
                    "entities": []
                },
                {
                    "entity": "device:device",
                    "start": 29,
                    "end": 38,
                    "body": "l\u00e2mpada 4",
                    "entities": []
                }
            ],
            "traits": [
                {
                    "trait": "group",
                    "value": "lampada"
                },
                {
                    "trait": "wit$on_off",
                    "value": "off"
                }
            ],
            "intent": "action"
        },
        {
            "text": "desligar l\u00e2mpada 2 l\u00e2mpada 3 l\u00e2mpada 5",
            "entities": [
                {
                    "entity": "device:device",
                    "start": 9,
                    "end": 18,
                    "body": "l\u00e2mpada 2",
                    "entities": []
                },
                {
                    "entity": "device:device",
                    "start": 19,
                    "end": 28,
                    "body": "l\u00e2mpada 3",
                    "entities": []
                },
                {
                    "entity": "device:device",
                    "start": 29,
                    "end": 38,
                    "body": "l\u00e2mpada 5",
                    "entities": []
                }
            ],
            "traits": [
                {
                    "trait": "group",
                    "value": "lampada"
                },
                {
                    "trait": "wit$on_off",
                    "value": "off"
                }
            ],
            "intent": "action"
        },
        {
            "text": "desligar o ar condicionado",
            "entities": [],
            "traits": [
                {
                    "trait": "wit$on_off",
                    "value": "off"
                }
            ],
            "intent": "action"
        },
        {
            "text": "desligar som da sala",
            "entities": [
                {
                    "entity": "device:device",
                    "start": 9,
                    "end": 12,
                    "body": "som",
                    "entities": []
                },
                {
                    "entity": "wit$location:location",
                    "start": 16,
                    "end": 20,
                    "body": "sala",
                    "entities": []
                }
            ],
            "traits": [
                {
                    "trait": "wit$on_off",
                    "value": "off"
                }
            ],
            "intent": "action"
        },
        {
            "text": "est\u00e1 meio escuro aqui",
            "entities": [
                {
                    "entity": "wit$message_body:message_body",
                    "start": 5,
                    "end": 16,
                    "body": "meio escuro",
                    "entities": []
                },
                {
                    "entity": "wit$location:location",
                    "start": 17,
                    "end": 21,
                    "body": "aqui",
                    "entities": []
                }
            ],
            "traits": [
                {
                    "trait": "wit$on_off",
                    "value": "off"
                }
            ],
            "intent": "check_lights"
        },
        {
            "text": "fechando as cortinas",
            "entities": [
                {
                    "entity": "device:device",
                    "start": 12,
                    "end": 19,
                    "body": "cortina",
                    "entities": []
                }
            ],
            "traits": [
                {
                    "trait": "wit$on_off",
                    "value": "off"
                }
            ],
            "intent": "action"
        },
        {
            "text": "fechar 40 porcento da cortina",
            "entities": [
                {
                    "entity": "device:device",
                    "start": 22,
                    "end": 29,
                    "body": "cortina",
                    "entities": []
                },
                {
                    "entity": "wit$quantity:quantity",
                    "start": 7,
                    "end": 9,
                    "body": "40",
                    "entities": []
                }
            ],
            "traits": [
                {
                    "trait": "wit$on_off",
                    "value": "off"
                }
            ],
            "intent": "action"
        },
        {
            "text": "fechar 75% da cortina",
            "entities": [
                {
                    "entity": "device:device",
                    "start": 14,
                    "end": 21,
                    "body": "cortina",
                    "entities": []
                },
                {
                    "entity": "wit$quantity:quantity",
                    "start": 7,
                    "end": 9,
                    "body": "75",
                    "entities": []
                }
            ],
            "traits": [
                {
                    "trait": "wit$on_off",
                    "value": "off"
                }
            ],
            "intent": "action"
        },
        {
            "text": "fechar a cortina",
            "entities": [
                {
                    "entity": "device:device",
                    "start": 9,
                    "end": 16,
                    "body": "cortina",
                    "entities": []
                }
            ],
            "traits": [
                {
                    "trait": "wit$on_off",
                    "value": "off"
                }
            ],
            "intent": "action"
        },
        {
            "text": "fechar cortinas",
            "entities": [
                {
                    "entity": "device:device",
                    "start": 7,
                    "end": 14,
                    "body": "cortina",
                    "entities": []
                }
            ],
            "traits": [
                {
                    "trait": "wit$on_off",
                    "value": "off"
                }
            ],
            "intent": "action"
        },
        {
            "text": "ligar",
            "entities": [],
            "traits": [
                {
                    "trait": "wit$on_off",
                    "value": "on"
                }
            ],
            "intent": "action"
        },
        {
            "text": "ligar a luz",
            "entities": [
                {
                    "entity": "device:device",
                    "start": 8,
                    "end": 11,
                    "body": "luz",
                    "entities": []
                }
            ],
            "traits": [
                {
                    "trait": "wit$on_off",
                    "value": "on"
                }
            ],
            "intent": "action"
        },
        {
            "text": "ligar a luz da garagem",
            "entities": [
                {
                    "entity": "device:device",
                    "start": 8,
                    "end": 11,
                    "body": "luz",
                    "entities": []
                },
                {
                    "entity": "wit$location:location",
                    "start": 15,
                    "end": 22,
                    "body": "garagem",
                    "entities": []
                }
            ],
            "traits": [
                {
                    "trait": "wit$on_off",
                    "value": "on"
                }
            ],
            "intent": "action"
        },
        {
            "text": "ligar a som da sala",
            "entities": [
                {
                    "entity": "device:device",
                    "start": 8,
                    "end": 11,
                    "body": "som",
                    "entities": []
                },
                {
                    "entity": "wit$location:location",
                    "start": 15,
                    "end": 19,
                    "body": "sala",
                    "entities": []
                }
            ],
            "traits": [
                {
                    "trait": "wit$on_off",
                    "value": "on"
                }
            ],
            "intent": "action"
        },
        {
            "text": "ligar ar 17 graus",
            "entities": [
                {
                    "entity": "device:device",
                    "start": 6,
                    "end": 8,
                    "body": "ar",
                    "entities": []
                },
                {
                    "entity": "wit$temperature:temperature",
                    "start": 9,
                    "end": 17,
                    "body": "17 graus",
                    "entities": []
                }
            ],
            "traits": [
                {
                    "trait": "wit$on_off",
                    "value": "on"
                }
            ],
            "intent": "action"
        },
        {
            "text": "ligar ar condicionada 20 graus Celsius",
            "entities": [
                {
                    "entity": "device:device",
                    "start": 6,
                    "end": 8,
                    "body": "ar",
                    "entities": []
                },
                {
                    "entity": "wit$temperature:temperature",
                    "start": 22,
                    "end": 38,
                    "body": "20 graus Celsius",
                    "entities": []
                }
            ],
            "traits": [
                {
                    "trait": "wit$on_off",
                    "value": "on"
                }
            ],
            "intent": "action"
        },
        {
            "text": "ligar ar condicionado",
            "entities": [
                {
                    "entity": "device:device",
                    "start": 6,
                    "end": 21,
                    "body": "ar condicionado",
                    "entities": []
                }
            ],
            "traits": [
                {
                    "trait": "wit$on_off",
                    "value": "on"
                }
            ],
            "intent": "action"
        },
        {
            "text": "ligar ar condicionado 23 graus Celsius",
            "entities": [
                {
                    "entity": "device:device",
                    "start": 6,
                    "end": 21,
                    "body": "ar condicionado",
                    "entities": []
                },
                {
                    "entity": "wit$temperature:temperature",
                    "start": 22,
                    "end": 38,
                    "body": "23 graus Celsius",
                    "entities": []
                }
            ],
            "traits": [
                {
                    "trait": "wit$on_off",
                    "value": "on"
                }
            ],
            "intent": "action"
        },
        {
            "text": "ligar ar condicionado 27 graus",
            "entities": [
                {
                    "entity": "device:device",
                    "start": 6,
                    "end": 21,
                    "body": "ar condicionado",
                    "entities": []
                },
                {
                    "entity": "wit$temperature:temperature",
                    "start": 22,
                    "end": 30,
                    "body": "27 graus",
                    "entities": []
                }
            ],
            "traits": [
                {
                    "trait": "wit$on_off",
                    "value": "on"
                }
            ],
            "intent": "action"
        },
        {
            "text": "ligar ar condicionado a 22 graus Celsius",
            "entities": [
                {
                    "entity": "device:device",
                    "start": 6,
                    "end": 21,
                    "body": "ar condicionado",
                    "entities": []
                },
                {
                    "entity": "wit$temperature:temperature",
                    "start": 24,
                    "end": 40,
                    "body": "22 graus Celsius",
                    "entities": []
                }
            ],
            "traits": [
                {
                    "trait": "wit$on_off",
                    "value": "on"
                }
            ],
            "intent": "action"
        },
        {
            "text": "ligar ar condicionado a 23 graus Celsius",
            "entities": [
                {
                    "entity": "device:device",
                    "start": 6,
                    "end": 21,
                    "body": "ar condicionado",
                    "entities": []
                },
                {
                    "entity": "wit$temperature:temperature",
                    "start": 24,
                    "end": 40,
                    "body": "23 graus Celsius",
                    "entities": []
                }
            ],
            "traits": [
                {
                    "trait": "wit$on_off",
                    "value": "on"
                }
            ],
            "intent": "action"
        },
        {
            "text": "ligar ar condicionado a 25 graus Celsius",
            "entities": [
                {
                    "entity": "device:device",
                    "start": 6,
                    "end": 21,
                    "body": "ar condicionado",
                    "entities": []
                },
                {
                    "entity": "wit$temperature:temperature",
                    "start": 24,
                    "end": 40,
                    "body": "25 graus Celsius",
                    "entities": []
                }
            ],
            "traits": [
                {
                    "trait": "wit$on_off",
                    "value": "on"
                }
            ],
            "intent": "action"
        },
        {
            "text": "ligar ar condicionado a 27 graus",
            "entities": [
                {
                    "entity": "device:device",
                    "start": 6,
                    "end": 21,
                    "body": "ar condicionado",
                    "entities": []
                },
                {
                    "entity": "wit$temperature:temperature",
                    "start": 24,
                    "end": 32,
                    "body": "27 graus",
                    "entities": []
                }
            ],
            "traits": [
                {
                    "trait": "wit$on_off",
                    "value": "on"
                }
            ],
            "intent": "action"
        },
        {
            "text": "ligar ar condicionado a 27 graus Celsius",
            "entities": [
                {
                    "entity": "device:device",
                    "start": 6,
                    "end": 21,
                    "body": "ar condicionado",
                    "entities": []
                },
                {
                    "entity": "wit$temperature:temperature",
                    "start": 24,
                    "end": 40,
                    "body": "27 graus Celsius",
                    "entities": []
                }
            ],
            "traits": [
                {
                    "trait": "wit$on_off",
                    "value": "on"
                }
            ],
            "intent": "action"
        },
        {
            "text": "ligar ar condicionado a 27 graus celsius",
            "entities": [
                {
                    "entity": "device:device",
                    "start": 6,
                    "end": 21,
                    "body": "ar condicionado",
                    "entities": []
                },
                {
                    "entity": "wit$temperature:temperature",
                    "start": 24,
                    "end": 40,
                    "body": "27 graus celsius",
                    "entities": []
                }
            ],
            "traits": [
                {
                    "trait": "wit$on_off",
                    "value": "on"
                }
            ],
            "intent": "action"
        },
        {
            "text": "ligar ar condicionado a 30 graus",
            "entities": [
                {
                    "entity": "device:device",
                    "start": 6,
                    "end": 21,
                    "body": "ar condicionado",
                    "entities": []
                },
                {
                    "entity": "wit$temperature:temperature",
                    "start": 24,
                    "end": 32,
                    "body": "30 graus",
                    "entities": []
                }
            ],
            "traits": [
                {
                    "trait": "wit$on_off",
                    "value": "on"
                }
            ],
            "intent": "action"
        },
        {
            "text": "ligar ar condicionado a 30 graus Celsius",
            "entities": [
                {
                    "entity": "device:device",
                    "start": 6,
                    "end": 21,
                    "body": "ar condicionado",
                    "entities": []
                },
                {
                    "entity": "wit$temperature:temperature",
                    "start": 24,
                    "end": 40,
                    "body": "30 graus Celsius",
                    "entities": []
                }
            ],
            "traits": [
                {
                    "trait": "wit$on_off",
                    "value": "on"
                }
            ],
            "intent": "action"
        },
        {
            "text": "ligar ar condicionado de 17 graus Celsius",
            "entities": [
                {
                    "entity": "device:device",
                    "start": 6,
                    "end": 21,
                    "body": "ar condicionado",
                    "entities": []
                },
                {
                    "entity": "wit$temperature:temperature",
                    "start": 25,
                    "end": 41,
                    "body": "17 graus Celsius",
                    "entities": []
                }
            ],
            "traits": [
                {
                    "trait": "wit$on_off",
                    "value": "on"
                }
            ],
            "intent": "action"
        },
        {
            "text": "ligar ar condicionado no 20 graus Celsius",
            "entities": [
                {
                    "entity": "device:device",
                    "start": 6,
                    "end": 21,
                    "body": "ar condicionado",
                    "entities": []
                },
                {
                    "entity": "wit$temperature:temperature",
                    "start": 25,
                    "end": 41,
                    "body": "20 graus Celsius",
                    "entities": []
                }
            ],
            "traits": [
                {
                    "trait": "wit$on_off",
                    "value": "on"
                }
            ],
            "intent": "action"
        },
        {
            "text": "ligar ar condicionado \u00e0 24 graus Celsius",
            "entities": [
                {
                    "entity": "device:device",
                    "start": 6,
                    "end": 21,
                    "body": "ar condicionado",
                    "entities": []
                },
                {
                    "entity": "wit$temperature:temperature",
                    "start": 24,
                    "end": 40,
                    "body": "24 graus Celsius",
                    "entities": []
                }
            ],
            "traits": [
                {
                    "trait": "wit$on_off",
                    "value": "on"
                }
            ],
            "intent": "action"
        },
        {
            "text": "ligar ar-condicionado",
            "entities": [
                {
                    "entity": "device:device",
                    "start": 6,
                    "end": 21,
                    "body": "ar-condicionado",
                    "entities": []
                }
            ],
            "traits": [
                {
                    "trait": "wit$on_off",
                    "value": "on"
                }
            ],
            "intent": "action"
        },
        {
            "text": "ligar ar-condicionado a 17 graus Celsius",
            "entities": [
                {
                    "entity": "device:device",
                    "start": 6,
                    "end": 21,
                    "body": "ar-condicionado",
                    "entities": []
                },
                {
                    "entity": "wit$temperature:temperature",
                    "start": 24,
                    "end": 40,
                    "body": "17 graus Celsius",
                    "entities": []
                }
            ],
            "traits": [
                {
                    "trait": "wit$on_off",
                    "value": "on"
                }
            ],
            "intent": "action"
        },
        {
            "text": "ligar ar-condicionado a 20 graus",
            "entities": [
                {
                    "entity": "device:device",
                    "start": 6,
                    "end": 21,
                    "body": "ar-condicionado",
                    "entities": []
                },
                {
                    "entity": "wit$temperature:temperature",
                    "start": 24,
                    "end": 32,
                    "body": "20 graus",
                    "entities": []
                }
            ],
            "traits": [
                {
                    "trait": "wit$on_off",
                    "value": "on"
                }
            ],
            "intent": "action"
        },
        {
            "text": "ligar ar-condicionado a 20 graus Celsius",
            "entities": [
                {
                    "entity": "device:device",
                    "start": 6,
                    "end": 21,
                    "body": "ar-condicionado",
                    "entities": []
                },
                {
                    "entity": "wit$temperature:temperature",
                    "start": 24,
                    "end": 40,
                    "body": "20 graus Celsius",
                    "entities": []
                }
            ],
            "traits": [
                {
                    "trait": "wit$on_off",
                    "value": "on"
                }
            ],
            "intent": "action"
        },
        {
            "text": "ligar as cortinas",
            "entities": [
                {
                    "entity": "device:device",
                    "start": 9,
                    "end": 16,
                    "body": "cortina",
                    "entities": []
                }
            ],
            "traits": [
                {
                    "trait": "wit$on_off",
                    "value": "on"
                }
            ],
            "intent": "action"
        },
        {
            "text": "ligar as l\u00e2mpadas l\u00e2mpada 2 e l\u00e2mpada",
            "entities": [
                {
                    "entity": "device:device",
                    "start": 9,
                    "end": 16,
                    "body": "l\u00e2mpada",
                    "entities": []
                },
                {
                    "entity": "device:device",
                    "start": 18,
                    "end": 27,
                    "body": "l\u00e2mpada 2",
                    "entities": []
                },
                {
                    "entity": "device:device",
                    "start": 30,
                    "end": 37,
                    "body": "l\u00e2mpada",
                    "entities": []
                }
            ],
            "traits": [
                {
                    "trait": "wit$on_off",
                    "value": "on"
                }
            ],
            "intent": "action"
        },
        {
            "text": "ligar c\u00e2mera da garagem",
            "entities": [
                {
                    "entity": "device:device",
                    "start": 6,
                    "end": 12,
                    "body": "c\u00e2mera",
                    "entities": []
                },
                {
                    "entity": "wit$location:location",
                    "start": 16,
                    "end": 23,
                    "body": "garagem",
                    "entities": []
                }
            ],
            "traits": [
                {
                    "trait": "wit$on_off",
                    "value": "on"
                }
            ],
            "intent": "action"
        },
        {
            "text": "ligar lampada 1 lampada 2",
            "entities": [
                {
                    "entity": "device:device",
                    "start": 6,
                    "end": 15,
                    "body": "lampada 1",
                    "entities": []
                },
                {
                    "entity": "device:device",
                    "start": 16,
                    "end": 25,
                    "body": "lampada 2",
                    "entities": []
                }
            ],
            "traits": [
                {
                    "trait": "wit$on_off",
                    "value": "on"
                },
                {
                    "trait": "group",
                    "value": "lampada"
                }
            ],
            "intent": "action"
        },
        {
            "text": "ligar lampada 1, lampada 2 e lampada 3",
            "entities": [],
            "traits": [
                {
                    "trait": "wit$on_off",
                    "value": "on"
                }
            ],
            "intent": "action"
        },
        {
            "text": "ligar lampada 1, lampada 3 e lampada 6",
            "entities": [],
            "traits": [
                {
                    "trait": "wit$on_off",
                    "value": "on"
                }
            ],
            "intent": "action"
        },
        {
            "text": "ligar lampada 1, lampada 3 e lampada6",
            "entities": [],
            "traits": [
                {
                    "trait": "wit$on_off",
                    "value": "on"
                }
            ],
            "intent": "action"
        },
        {
            "text": "ligar lampada 3 e lampada 5",
            "entities": [
                {
                    "entity": "device:device",
                    "start": 6,
                    "end": 15,
                    "body": "lampada 3",
                    "entities": []
                },
                {
                    "entity": "device:device",
                    "start": 18,
                    "end": 27,
                    "body": "lampada 5",
                    "entities": []
                }
            ],
            "traits": [
                {
                    "trait": "wit$on_off",
                    "value": "on"
                },
                {
                    "trait": "group",
                    "value": "lampada"
                }
            ],
            "intent": "action"
        },
        {
            "text": "ligar lampada 3, lampada 1 e lampada 5",
            "entities": [],
            "traits": [
                {
                    "trait": "wit$on_off",
                    "value": "on"
                }
            ],
            "intent": "action"
        },
        {
            "text": "ligar luz da sala",
            "entities": [
                {
                    "entity": "device:device",
                    "start": 6,
                    "end": 9,
                    "body": "luz",
                    "entities": []
                },
                {
                    "entity": "wit$location:location",
                    "start": 13,
                    "end": 17,
                    "body": "sala",
                    "entities": []
                }
            ],
            "traits": [
                {
                    "trait": "wit$on_off",
                    "value": "on"
                }
            ],
            "intent": "action"
        },
        {
            "text": "ligar l\u00e2mpada 1 e l\u00e2mpada 6",
            "entities": [
                {
                    "entity": "device:device",
                    "start": 6,
                    "end": 15,
                    "body": "l\u00e2mpada 1",
                    "entities": []
                },
                {
                    "entity": "device:device",
                    "start": 18,
                    "end": 27,
                    "body": "l\u00e2mpada 6",
                    "entities": []
                }
            ],
            "traits": [
                {
                    "trait": "wit$on_off",
                    "value": "on"
                },
                {
                    "trait": "group",
                    "value": "lampada"
                }
            ],
            "intent": "action"
        },
        {
            "text": "ligar l\u00e2mpada 5 l\u00e2mpada 3 e l\u00e2mpada 6",
            "entities": [
                {
                    "entity": "device:device",
                    "start": 6,
                    "end": 15,
                    "body": "l\u00e2mpada 5",
                    "entities": []
                },
                {
                    "entity": "device:device",
                    "start": 16,
                    "end": 25,
                    "body": "l\u00e2mpada 3",
                    "entities": []
                },
                {
                    "entity": "device:device",
                    "start": 28,
                    "end": 37,
                    "body": "l\u00e2mpada 6",
                    "entities": []
                }
            ],
            "traits": [
                {
                    "trait": "wit$on_off",
                    "value": "on"
                },
                {
                    "trait": "group",
                    "value": "lampada"
                }
            ],
            "intent": "action"
        },
        {
            "text": "ligar na sala",
            "entities": [
                {
                    "entity": "wit$location:location",
                    "start": 9,
                    "end": 13,
                    "body": "sala",
                    "entities": []
                }
            ],
            "traits": [
                {
                    "trait": "wit$on_off",
                    "value": "on"
                }
            ],
            "intent": "action"
        },
        {
            "text": "ligar o ar condicionado a 27 graus Celsius",
            "entities": [
                {
                    "entity": "device:device",
                    "start": 8,
                    "end": 23,
                    "body": "ar condicionado",
                    "entities": []
                },
                {
                    "entity": "wit$temperature:temperature",
                    "start": 26,
                    "end": 42,
                    "body": "27 graus Celsius",
                    "entities": []
                }
            ],
            "traits": [
                {
                    "trait": "wit$on_off",
                    "value": "on"
                }
            ],
            "intent": "action"
        },
        {
            "text": "ligar o ar condicionado em 22 graus na sala",
            "entities": [
                {
                    "entity": "wit$location:location",
                    "start": 39,
                    "end": 43,
                    "body": "sala",
                    "entities": []
                },
                {
                    "entity": "wit$temperature:temperature",
                    "start": 27,
                    "end": 35,
                    "body": "22 graus",
                    "entities": []
                }
            ],
            "traits": [
                {
                    "trait": "wit$on_off",
                    "value": "on"
                }
            ],
            "intent": "action"
        },
        {
            "text": "ligar o ar \u00e0 20 graus celcius",
            "entities": [
                {
                    "entity": "device:device",
                    "start": 8,
                    "end": 10,
                    "body": "ar",
                    "entities": []
                },
                {
                    "entity": "wit$temperature:temperature",
                    "start": 13,
                    "end": 29,
                    "body": "20 graus celcius",
                    "entities": []
                }
            ],
            "traits": [
                {
                    "trait": "wit$on_off",
                    "value": "on"
                }
            ],
            "intent": "action"
        },
        {
            "text": "ligar som do quarto",
            "entities": [
                {
                    "entity": "device:device",
                    "start": 6,
                    "end": 9,
                    "body": "som",
                    "entities": []
                },
                {
                    "entity": "wit$location:location",
                    "start": 13,
                    "end": 19,
                    "body": "quarto",
                    "entities": []
                }
            ],
            "traits": [
                {
                    "trait": "wit$on_off",
                    "value": "on"
                }
            ],
            "intent": "action"
        },
        {
            "text": "l\u00e2mpada 3",
            "entities": [
                {
                    "entity": "device:device",
                    "start": 0,
                    "end": 9,
                    "body": "l\u00e2mpada 3",
                    "entities": []
                }
            ],
            "traits": [
                {
                    "trait": "wit$on_off",
                    "value": "on"
                },
                {
                    "trait": "toggle",
                    "value": "invert"
                }
            ],
            "intent": "action"
        },
        {
            "text": "nao",
            "entities": [],
            "traits": [
                {
                    "trait": "true_false",
                    "value": "false"
                }
            ],
            "intent": "answer"
        },
        {
            "text": "ol\u00e1",
            "entities": [],
            "traits": [],
            "intent": "chat"
        },
        {
            "text": "ol\u00e1 tudo bem",
            "entities": [],
            "traits": [
                {
                    "trait": "greetings",
                    "value": "salutation"
                }
            ],
            "intent": "chat"
        },
        {
            "text": "sim",
            "entities": [],
            "traits": [
                {
                    "trait": "true_false",
                    "value": "true"
                }
            ],
            "intent": "answer"
        },
        {
            "text": "tchau!",
            "entities": [],
            "traits": [
                {
                    "trait": "bye",
                    "value": "true"
                }
            ],
            "intent": "chat"
        },
        {
            "text": "tudo bem?",
            "entities": [],
            "traits": [
                {
                    "trait": "greetings",
                    "value": "salutation"
                }
            ],
            "intent": "chat"
        }
    ]
}
